"clock","k_datasets","total_n","age_r","age_r_lo","age_r_hi","age_slope","age_slope_lo","age_slope_hi","sex_coef","sex_coef_lo","sex_coef_hi","sex_frac_sig","age_x_sex","age_x_sex_lo","age_x_sex_hi","age_x_sex_frac_sig"
"AdaptAge",136,36059,0.515,-0.181,0.868,0.5128,0.0257,0.9999,-0.6251,-5.9664,4.7162,0.31,-0.02105,-0.19102,0.14892,0.16
"Age_prediction",136,36059,0.864,0.382,0.976,0.9486,0.4398,1.4574,0.1942,-2.8754,3.2637,0.38,-0.0195,-0.1139,0.0749,0.13
"Blood",136,36059,0.566,-0.001,0.858,0.7088,0.1737,1.2439,-1.7045,-7.7022,4.2931,0.38,-0.07315,-0.29526,0.14896,0.25
"Brain",136,36059,0.414,-0.11,0.758,0.5705,0.0302,1.1109,-0.4693,-6.2425,5.3038,0.33,-0.08975,-0.34445,0.16494,0.24
"CausAge",136,36059,0.834,0.264,0.972,0.7659,0.3324,1.1995,-0.3135,-2.0665,1.4396,0.2,-0.02276,-0.12752,0.08199,0.19
"CellDRIFT",135,35836,0.286,-0.111,0.605,0.0326,-0.0046,0.0697,0.1112,-0.5137,0.7362,0.39,0.00394,-0.01638,0.02425,0.18
"CellPopAge",135,35836,0.089,-0.143,0.312,0.003,-0.0024,0.0084,0.0491,-0.0295,0.1278,0.27,0.00142,-0.00286,0.0057,0.14
"DamAge",136,36059,0.671,-0.062,0.934,0.7492,0.1584,1.34,0.4671,-3.4773,4.4114,0.24,0.01187,-0.15689,0.18064,0.18
"DNAmADM",136,35221,0.627,0.03,0.895,1.3824,0.8654,1.8994,17.972,0.4934,35.4507,0.8,-0.11778,-0.40032,0.16476,0.26
"DNAmB2M",136,35221,0.824,0.255,0.969,12928.125,9748.2905,16107.9595,5860.7669,-23028.2947,34749.8286,0.33,-433.3537,-1988.9006,1122.19321,0.13
"DNAmFEV1_wAge",135,35836,-0.65,-0.914,0.001,-0.0264,-0.0306,-0.0222,-1.0657,-1.7591,-0.3723,0.99,0.008,0.0051,0.01091,0.71
"DNAmFI_Li",135,35836,0.504,-0.054,0.822,0.002,0.0011,0.0029,9e-04,-0.0104,0.0121,0.22,-1e-04,-0.00092,0.00073,0.18
"DNAmFitAge",135,35836,0.89,0.516,0.979,0.9086,0.6614,1.1558,-0.9319,-9.7672,7.9034,0.64,0.01578,-0.09623,0.1278,0.18
"DNAmGait_noAge",135,35836,-0.705,-0.941,-0.004,-0.0098,-0.0168,-0.0028,0.0086,-0.3107,0.328,0.8,-0.00236,-0.00531,0.00059,0.43
"DNAmGait_wAge",135,35836,-0.92,-0.99,-0.495,-0.0152,-0.0159,-0.0146,-0.162,-0.2874,-0.0366,1,0.00078,-0.00015,0.00172,0.38
"DNAmGDF15",136,35221,0.734,0.109,0.943,12.2539,9.7528,14.755,-4.9368,-37.2192,27.3455,0.16,-0.35038,-1.53237,0.83161,0.11
"DNAmGrip_noAge",135,35836,-0.385,-0.726,0.108,-0.196,-0.3176,-0.0745,-15.4007,-23.9159,-6.8856,0.99,0.00368,-0.04844,0.0558,0.25
"DNAmGrip_wAge",135,35836,-0.559,-0.929,0.37,-0.3134,-0.4046,-0.2222,-24.1965,-33.4884,-14.9046,1,0.17128,0.14447,0.19809,0.88
"DNAmIC",135,35836,-0.686,-0.919,-0.101,-0.0018,-0.0027,-9e-04,-0.011,-0.019,-0.003,0.75,6e-05,-0.00034,0.00045,0.14
"DNAmLeptin",136,36059,0.061,-0.152,0.268,19.4126,-5.1169,43.9422,4661.861,-1473.3481,10797.0702,0.81,-12.79861,-41.12535,15.52812,0.1
"DNAmlogA1C",136,35221,0.28,-0.146,0.619,7e-04,2e-04,0.0013,0.0024,-0.0099,0.0147,0.31,-0.00015,-0.00073,0.00043,0.18
"DNAmlogCRP",136,36059,0.245,-0.136,0.564,0.0104,-0.0021,0.023,0.1514,-0.095,0.3978,0.52,-0.00639,-0.01397,0.0012,0.27
"DNAmPACKYRS",136,35221,0.318,0.002,0.576,0.2822,0.0994,0.4649,-3.5577,-8.7656,1.6503,0.5,0.00692,-0.23003,0.24388,0.2
"DNAmPAI1",136,36059,0.217,-0.175,0.55,56.5502,-10.3497,123.45,-1178.8151,-3290.8302,933.2,0.62,-19.2851,-70.69732,32.12712,0.23
"DNAmPhysAge",135,35836,0.507,0.128,0.757,0.2221,0.048,0.3962,1.2069,-0.5859,2.9996,0.41,-0.03915,-0.11205,0.03375,0.26
"DNAmPhysAge_years",135,35836,0.507,0.128,0.756,0.4989,0.1088,0.8891,2.8416,-1.4603,7.1435,0.41,-0.08342,-0.2485,0.08165,0.25
"DNAmStress",135,35836,0.076,-0.151,0.296,0.0046,-0.0064,0.0156,-0.0497,-0.2074,0.1081,0.21,-0.00138,-0.01086,0.0081,0.15
"DNAmTIMP1",136,35221,0.926,0.591,0.989,143.9046,125.0077,162.8015,-189.0567,-478.07,99.9567,0.48,-7.62791,-19.89349,4.63768,0.32
"DNAmTL",136,36059,-0.644,-0.908,-0.016,-0.0165,-0.0287,-0.0043,0.0836,-0.0181,0.1852,0.53,0.00062,-0.0038,0.00505,0.17
"DunedinPACE",136,36059,0.226,-0.083,0.496,0.0023,-5e-04,0.0052,-0.0051,-0.0487,0.0386,0.39,-0.00124,-0.00342,0.00094,0.27
"DunedinPoAm38",136,36059,0.124,-0.183,0.409,8e-04,-5e-04,0.0021,-0.0109,-0.0352,0.0134,0.3,-0.00023,-0.00133,0.00088,0.1
"GrimAgeV1",136,35213,0.894,0.583,0.976,0.7774,0.6564,0.8984,-2.5038,-4.4184,-0.5892,0.78,-0.01856,-0.09988,0.06277,0.2
"GrimAgeV2",136,35213,0.865,0.508,0.968,0.7454,0.5968,0.8941,-1.7439,-3.8723,0.3844,0.6,-0.03604,-0.1269,0.05483,0.25
"Hannum",136,36059,0.845,0.261,0.976,0.7555,0.3746,1.1363,-1.532,-3.8241,0.76,0.49,-0.02887,-0.10386,0.04613,0.12
"Heart",136,36059,0.364,-0.139,0.718,0.4457,-0.014,0.9054,1.1365,-4.3443,6.6173,0.4,-0.1088,-0.38314,0.16555,0.22
"Hormone",136,36059,0.679,0.136,0.908,0.6907,0.2086,1.1728,3.9314,-2.4794,10.3422,0.56,-0.02084,-0.18311,0.14143,0.26
"Horvath1",136,36059,0.827,0.226,0.972,0.7294,0.321,1.1378,-0.891,-2.5849,0.8029,0.28,-0.00245,-0.1137,0.1088,0.18
"Horvath2",136,36059,0.905,0.399,0.988,0.8182,0.5002,1.1362,-0.2354,-1.7978,1.327,0.28,-0.00574,-0.10041,0.08893,0.23
"Immune",136,36059,0.438,-0.055,0.759,0.5319,0.0372,1.0266,-5.3011,-13.7616,3.1594,0.65,-0.08811,-0.27303,0.09682,0.18
"Inflammation",136,36059,0.488,-0.079,0.817,0.5555,0.0609,1.0501,-2.4105,-8.2218,3.4008,0.39,-0.09075,-0.26352,0.08202,0.21
"Kidney",136,36059,0.596,0.04,0.87,0.6879,0.1411,1.2347,-3.9151,-10.0813,2.2511,0.51,-0.08267,-0.25471,0.08938,0.25
"Liver",136,36059,0.526,-0.065,0.844,0.6563,0.114,1.1987,2.2591,-3.1058,7.6241,0.39,-0.07063,-0.23242,0.09116,0.19
"Lung",136,36059,0.236,-0.098,0.522,0.2452,-0.0297,0.5201,1.9032,-2.2378,6.0442,0.3,-0.0288,-0.23421,0.17661,0.15
"Metabolic",136,36059,0.425,-0.117,0.772,0.563,0.0025,1.1235,-0.1923,-6.2132,5.8286,0.3,-0.09328,-0.31414,0.12759,0.23
"MusculoSkeletal",136,36059,0.408,-0.111,0.752,0.5452,-0.0175,1.1079,-2.8855,-11.2853,5.5144,0.44,-0.05652,-0.26686,0.15382,0.17
"PCADM",136,35213,0.818,0.361,0.958,1.4991,1.1595,1.8387,19.2646,14.4956,24.0335,0.99,-0.0732,-0.26668,0.12029,0.25
"PCB2M",136,35221,0.956,0.762,0.992,12475.7702,9966.7676,14984.7727,-2975.5509,-19818.1535,13867.0518,0.31,-330.39169,-1165.36916,504.58578,0.27
"PCCystatinC",136,35213,0.958,0.763,0.993,3234.4259,2765.4964,3703.3554,-4201.4785,-9006.7804,603.8235,0.67,-55.84675,-256.72612,145.03263,0.24
"PCDNAmTL",136,36059,-0.697,-0.927,-0.086,-0.0137,-0.0232,-0.0041,0.0612,-0.0289,0.1513,0.6,0.00095,-0.00266,0.00456,0.19
"PCGDF15",136,35221,0.954,0.732,0.993,11.9577,11.0814,12.8339,-6.4783,-21.9736,9.017,0.31,-0.27079,-1.0078,0.46623,0.23
"PCGrimAge",136,35213,0.93,0.703,0.985,0.7779,0.6695,0.8862,-2.1952,-3.6984,-0.692,0.8,-0.02129,-0.0968,0.05421,0.23
"PCHannum",136,36059,0.84,0.335,0.97,0.6769,0.2946,1.0593,-1.5895,-3.8151,0.6361,0.56,-0.01228,-0.10856,0.084,0.17
"PCHorvath1",136,36059,0.825,0.242,0.97,0.6361,0.2556,1.0166,-1.3584,-3.0845,0.3676,0.45,-0.00438,-0.10577,0.09702,0.19
"PCHorvath2",136,36059,0.781,0.173,0.958,0.5938,0.2045,0.9831,-0.8412,-2.9672,1.2848,0.3,-0.02066,-0.1492,0.10789,0.2
"PCLeptin",136,35213,0.099,-0.187,0.369,16.1962,-0.8328,33.2252,5900.9583,5694.7421,6107.1744,1,-1.67122,-13.25644,9.91401,0.12
"PCPACKYRS",136,35213,0.381,0.03,0.648,0.2489,0.1035,0.3943,-2.5329,-6.0074,0.9415,0.56,-0.00757,-0.1899,0.17475,0.17
"PCPAI1",136,35827,0.407,-0.137,0.763,50.7962,-2.2196,103.812,-1361.7934,-2028.5789,-695.008,0.92,-13.76734,-42.38698,14.85229,0.22
"PCPhenoAge",136,36059,0.812,0.304,0.96,0.7806,0.3338,1.2275,-0.6815,-3.5003,2.1373,0.29,-0.04551,-0.15943,0.06841,0.25
"PCTIMP1",136,35213,0.977,0.863,0.996,140.3297,125.1561,155.5033,-221.7381,-400.8237,-42.6525,0.77,-2.86267,-8.7706,3.04526,0.25
"PhenoAge",136,36059,0.781,0.205,0.955,0.8091,0.3067,1.3115,-0.5609,-3.7679,2.6461,0.3,-0.05568,-0.18419,0.07284,0.26
"RepliTali",135,35836,0.174,-0.14,0.456,0.0366,-0.0024,0.0756,0.0201,-0.5626,0.6029,0.18,0.00723,-0.0211,0.03556,0.15
"RepliTaliNorm",135,35836,0.187,-0.199,0.523,0.0212,-0.0035,0.0458,0.0064,-0.2322,0.2451,0.21,0.00417,-0.00952,0.01786,0.16
"RetroAge450K",135,35836,0.756,0.245,0.938,0.7075,0.2509,1.1641,-0.6847,-3.062,1.6926,0.21,-0.00383,-0.10854,0.10088,0.18
"RetroAgeEPICv2",135,35836,0.878,0.403,0.98,0.5566,0.199,0.9143,-0.009,-0.8092,0.7911,0.24,0.00286,-0.0425,0.04822,0.25
"StocH",136,36059,0.628,-0.002,0.901,0.4731,0.1072,0.839,0.0111,-1.7487,1.7708,0.25,0.00099,-0.11431,0.11628,0.18
"StocP",136,36059,0.864,0.354,0.978,1.107,0.5675,1.6464,0.3583,-2.8552,3.5718,0.28,0.00856,-0.15233,0.16946,0.18
"StocZ",136,36059,0.62,-0.011,0.898,0.39,0.076,0.7041,-0.2467,-1.4776,0.9842,0.17,-0.00859,-0.10316,0.08599,0.13
"SystemsAge",136,36059,0.433,-0.085,0.767,0.5656,0.0549,1.0763,1.9188,-3.2757,7.1132,0.44,-0.1057,-0.39217,0.18077,0.22
"Zhang2019",115,36059,0.92,0.456,0.991,1.1488,0.745,1.5527,-0.4058,-2.7494,1.9377,0.29,-0.01504,-0.13641,0.10633,0.21
